name,inn
"ООО ""БИЗНЕС РЕШЕНИЯ""",6623065889
"ООО ""БОНГО""",6623097295
"ООО ""ВНЕДРЕНЧЕСКИЙ ЦЕНТР ЕРШОВА""",6623124982
"ООО ""ВДЕЛО.ДЕВ""",6623141177
"АО ""ДИАЙПИ""",6625034780
"ООО ""АСС-БИЗНЕС СОФТ""",6630008578
"ООО ""АВМ-СМАРТСИСТЕМС""",6658005707
"ООО ""АГЕНТСТВО СОПРОВОЖДЕНИЯ""",6658277972
"ООО ""АЙДЕСК""",6658389235
"ООО ""1С-РАРУС ЕКАТЕРИНБУРГ""",6658518233
"ООО ""АЙТИСИ""",6658537444
"ООО ""АЗБУКА-СЕТЬ""",6658551618
"ООО ""АЛЬТО""",6658554619
"АО ""АППЕКСЛАБ""",6658563525
"ООО ""БИТ""",6659148232
"ООО ""1-Й СОВЕТНИК""",6659178653
"ООО ""66 БИТ""",6659195024
"АО ""ВОСТОЧНЫЙ ВЕТЕР""",6662090423
"АО ""ПФ ""СКБ КОНТУР""",6663003127
"АО ""ИЦ ""УРАЛТЕХЭНЕРГО""",6670013045
"ООО ""БИП""",6670079720
"ООО ""АЙДЕКО СОФТВЕР""",6670099902
"ООО  ""АЙДЕКО""",6670208848
"ООО ""ВЕБМОТОР""",6670218268
"ООО  ""АВАТАРА""",6670219511
"ООО ""741 СТУДИОС.РУ""",6670281911
"ООО ""БИЗЕРРА.РУ""",6670348115
"ООО  ВЦ ""УРАЛСИСТЕМ""",6670352560
"ООО ""АКОММЕРС""",6670380574
"ООО ""ВЕБТИМ.ПРО""",6670420636
"ООО ""АЙ ТИ ПРОМ""",6670428642
"ООО ""АКСАЛИТ СОФТ""",6670451183
"ООО ""АЛЬТЕК СИСТЕМС""",6670486612
"ООО ""ВОЙСМАН""",6670487084
"ООО ""ВАЙТЛИСТ""",6670504011
"ООО ""АНАНАС ТЕХНОЛОГИИ""",6670511227
"ООО ""АЙПИБОТ""",6670512862
"ООО ""БУРАВЧИК""",6670524995
"ООО ""АЙТИ-СЕТИ ГРУПП""",6670529055
"ООО ""АЕС СЕРВИС""",6671001229
"ООО ""ВАЙРЛЕСС КЭТ""",6671082683
"ООО ""БАНКЛАБ""",6671087219
"ООО ""ВЦ ТЕХНОЛОГИИ АВТОМАТИЗАЦИИ""",6671089760
"ООО ""БЮРО 1010""",6671092723
"ООО ""БИЛЛИНГ ОНЛАЙН РЕШЕНИЯ""",6671099510
"АО ""НАУМЕН""",6671111140
"АО ""НАУ-СЕРВИС""",6671116364
"ООО ""ВЕДИСОФТ""",6671187742
"ООО ""БИЗНЕС РЕШЕНИЯ""",6671204620
"ООО ""ВИКЭТ ТЕХ""",6671210720
"ООО ""АСК-ЦИФРА""",6671212580
"ООО ""АЙТИМИ""",6671229858
"АО ""ЭПСИЛОН""",6671229872
"ООО ""ВНЕОЧЕРЕДИ""",6671230268
"ООО ""АКТЕК""",6671244077
"ООО ""АМ ТИМ АЙТИ""",6671276544
"ОБЩЕСТВО С ОГРАНИЧЕННОЙ ОТВЕТСТВЕННОСТЬЮ ""СИСТЕМА БАМ""",6671290563
"ООО ""АЛЬФА""",6671311566
"ООО ""АСТРУМ ЭДЖЕНСИ""",6671341708
"ГБУ СО ""ОПЕРАТОР ЭЛЕКТРОННОГО ПРАВИТЕЛЬСТВА""",6671352361
"ООО ""БИ АЙ ТИ""",6671416632
"ООО ""АВЕРСОФТ""",6671419538
"ООО ""АДВАНТА КОНСАЛТИНГ""",6671428349
"ООО ""ВИТАМИН-ПЛЮС""",6672130308
"ООО ""ВЕБФОРМАТ""",6672146298
"ООО ""CРM-ТЕХНОЛОГИИ""",6672236054
"ООО ""АЛЬТЕР""",6672250267
"ООО ""АРЧА-СЕРВИС""",6673172124
"ООО ""АКТИВНАЯ ЛОГИКА""",6673211020
"ООО ""АПРИКОД""",6674330454
"ООО ""АЙПИДЖИ ПРОМО""",6674336368
"ООО ""АЙ-ЛИНК КОНСАЛТИНГ""",6678031060
"ООО ""ВЕСЁЛЫЕ ЭНТУЗИАСТЫ""",6678044750
"ООО ""АЙТИ ЛАБС""",6678075607
"ООО ""АЙТИНАВИГАТОР""",6678110259
"ООО ""АИК""",6679075416
"ООО ""АНАНАС. ИТ РЕШЕНИЯ""",6679096487
"ООО ""ВКС-СОФТ""",6679139927
"ООО ""АК-СОФТ""",6679150060
"ООО ""АИБ КОМПАНИ""",6682005024
"ООО ""АП СОФТ""",6685044913
"ООО  ""АДИДЖИТАЛ""",6685145735
"ООО ""БОКСБЕРРИ СОФТ""",6685157931
"ООО ""АКСОН""",6685178385
"ООО ""1ЭР""",6685181740
"ООО ""АРМУС ПРО""",6685201919
"ООО ""АПОГЕЙ ЕКБ""",6685209428
"ООО ""АТК""",6685210720
"ООО ""АИТ-РЕШЕНИЯ""",6685212043
"ООО ""АЙТИБИО""",6685218782
"ООО ""АТОМ.ЦИФРА""",6685220380
"ООО ""АЛЬЯНС АЙТИ ТЕХНОЛОДЖИ""",6686015778
"ООО ""АДВЕРТА - ЕК""",6686082421
"ООО ""ВЫСОКИЙ ПЕРЕДЕЛ""",6686097410
"ООО ""АИМЕТРОЛОДЖИ""",6686127880
"ООО ""АЙРОНПЛЭЙС""",6686137631
"ООО ""АРХИТЕКТУРА УЧЕТА""",6686149669
"АО ""ТАЙГА""",6686154940
"ООО ""АЙРОНАП""",6686162927
"АО ""ИТ-ЭЛЕМЕНТ29""",6686168100
"ООО ""СТУДИЯ СОВРЕМЕННОЙ РАЗРАБОТКИ""",6700006055
"ООО ""РУ АДМИН""",6700008461
"ООО ""АЙТИ КОНУС""",6700011200
"ООО ""ЕТАИ""",6700012683
"ООО ""ВЕБ КОНСАЛТИНГ ГРУПП""",6700015726
"ООО ""ТЕХЛИДС""",6700023935
"ООО ""КОРРЕКТО""",6729044920
"ООО ""КЕЙСТАТ""",6730044851
"ООО ""КОНСУЛЬТАНТПЛЮС СМОЛЕНСК""",6730067016
"ООО ""ТОЧНЫЙ УЧЕТ СОФТ""",6730074849
"ООО ""КЦ ""ИКС""",6731064970
"ООО ""ТВИНС""",6731067957
"ООО ""АЙТИ ГРЭЙД""",6732004205
"ООО ""ПБЭ""",6732052819
"ООО ""ДАТАГРАМ""",6732066868
"ООО ""АРСЕНАЛ 67""",6732077490
"ООО ""ТВИНС ТЕХНОЛОГИИ""",6732113162
"ООО ""АЛСОП""",6732116163
"ООО ""ДЖАСТ ВОРК""",6732121170
"ООО ""ПРОСТЫЕ РЕШЕНИЯ СОФТ""",6732138248
"ООО ""КОАЛА""",6732178360
"ООО ""РОКЕТ СОФТ""",6732180881
"ООО ""ТВИНСЛАБ""",6732182913
"ООО ""СКС""",6732205568
"ООО ""БРОККОЛИ ГЕЙМЗ""",6732211956
"ООО ""ОФИС ПЛЮС""",6732216834
"ООО ""НОВЫЕ ТЕХНОЛОГИИ""",6732219507
"ООО ""АДЕПТУМ ДИДЖИТАЛ""",6732224232
"ООО ""КИБЕРТАГ""",6732225388
"ООО ""ВИГБО""",6732226737
"ООО ""БЛС-СОФТ""",6732233075
"ООО ""НСЭА""",6732238588
"ООО ""СОЛГРАД""",6732244528
"ООО ""ЭКСПОНЕНТА""",6800002128
"ООО ""СМАРТ ПИГ""",6800003675
"ООО ""ПАНАКОТА""",6800004125
"ООО ""ВРАТА""",6800008458
"ООО ""БИЗНЕС-АНАЛИТИКА ИТ""",6800010400
"ООО ""МАКСИМА-Х""",6828007729
"ООО ""СЕРВИС-СОФТ""",6829006326
"ООО ""ЦНТД""",6829014609
"ООО ""СОФТ-МАСТЕР""",6829017889
"ООО ""РСС ТАМБОВ""",6829022303
"ООО ""НТО ""ИНТ""",6829028640
"ООО ""ПМК ПРОГРАММЫ И КОМПОНЕНТЫ""",6829046696
"ООО ""ПРИКЛАДНОЕ ПРОГРАММНОЕ ОБЕСПЕЧЕНИЕ""",6829051230
"ООО ""СТЭК""",6829055475
"ООО ""КОМПЬЮТЕР-СОФТ""",6829070032
"ООО ""СКОБЕЕВ И ПАРТНЕРЫ""",6829076877
"ООО ""ИТЦ ""БАРС-ТМБ""",6829080665
"ООО""КМТ""",6829082006
"ООО ""ПРОФИ""",6829090092
"ООО ""ВОКС  НЕТВОРК""",6829094428
"ООО ""ИНТЕХ""",6829095823
"ООО ""ГИБРИД""",6829098278
"ООО ""БРИЗ+""",6829104482
"ООО ""ТН-ГРУПП""",6829104796
"ООО ""АКТИВНОЕ ОБУЧЕНИЕ""",6829109480
"ООО ""ЭВЕРЕСТ""",6829138940
"ООО ""ФЛАЙКОД""",6829141692
"ООО ""БИ ФАУНД""",6829142382
"ООО ""АЙСИ ГРУПП""",6829146468
"ООО ""ИНТЕРНЕТ РЕШЕНИЯ""",6829152486
"ООО ""ТРИ""",6829155550
"ООО ""ЧЕРНЫЕ МЕДВЕДИ""",6829155568
"ООО ""ЭВРИКА МАРКЕТИНГ""",6829156113
"ООО ""СМОРОДИНА МОБАЙЛ""",6829160543
"ООО ""ЦИФАРМЕД""",6829162854
"ООО ""КИТТ""",6829163008
"ООО ""ТИККИТ""",6829163992
"ООО ""МИР ЦИФРЫ""",6829164080
"ООО ""НУЛЕВОЕ АГЕНТСТВО""",6829164114
"ООО ""АГРО.АИ""",6829164820
"ООО ""СДЭК АЙТИ""",6829164890
"ООО ""ВИАР ПРО""",6829164996
"ООО ""РЕБОТИКА ТЕКНОЛОДЖИС""",6829165069
"ООО ""КОМПЬЮТЕР-ДОК""",6831022766
"ООО ""АЙТИ СФЕРА""",6900009279
"ООО ""КОРПОРАЦИЯ РЕШЕНИЙ""",6900009712
"ООО ""СЕРВИС ПП""",6900012754
"ООО ""ВИЗАРД-МЕРКУРИЙ""",6900013483
"ООО ""СФЕРА ИТ""",6900013966
"ООО ""ГЭЛС - ТЕХНОЛОГИЯ""",6900016607
"ООО ""ВЦ ВИЗАРД-С""",6901046210
"ООО ""БИЗНЕС-АЛГОРИТМЫ""",6901057187
"ООО ""РТКОМ-КРИПТО""",6901058582
АО НИИ ЦПС,6904008332
"ООО ""БОЦМАН""",6905037103
"ООО ""КОМПАЛЕКС""",6905043298
"ООО ""ОНЛАЙН-ШКОЛА ПРОГРАММИРОВАНИЯ""",6908018109
"ООО ""МИР ТЕХНОЛОГИЙ""",6908018564
"ООО ""АРРОУСОФТ""",6914021580
"ООО "" ОКСИ""",6915008302
"ООО ""НТС""",6949010660
"ООО ""ТДС""",6949109620
"ООО ""ГРОМ-ИТ СОФТ""",6949113640
"ООО ""ТЭДУИТ""",6949114965
"ООО ""ТВЕРСКИЕ ИНФОРМАЦИОННЫЕ ТЕХНОЛОГИИ""",6950015197
"ООО ""ИНТЕРНЕТ-СИСТЕМЫ""",6950033862
"ООО ""АМИФОРУС""",6950035531
"ООО ""ВИЗАРД РИТЕЙЛ""",6950042218
"ООО ""КРИТ""",6950044374
"ООО ""ДСМЛ""",6950056683
"ООО ""СДД""",6950081182
"ООО ""БИАЙЭКСПЕРТ""",6950085973
"ЗАО ""ИРБИС""",6950105771
"ООО ""ВИЗАРД-АЙТИ""",6950123097
"ООО ""И.Т.М.""",6950129719
"ООО ""ТИТ""",6950136032
"ООО  ""ИНЖЭНИУС ТИМ""",6950136297
"ООО ""ПЕТРОВАЙЗЕР СОФТ""",6950139393
"ООО ""ВИЗАРД-КОНСАЛТИНГ""",6950142484
"ООО ""ОБЪЕДИНЕНИЕ АГРЕГЕЙТ""",6950166982
"ООО ""ШТАРК""",6950173179
"ООО ""ОМНИТЕК - ПРОГРАММНЫЕ РЕШЕНИЯ""",6950175747
"ООО ""АНТИФИШИНГ""",6950191442
"ООО ""ЦС ВИЗАРД-С""",6950199882
"ООО ""ЦИКЛ-ОН""",6950207766
"ООО ""КБ-ЛАБ""",6950217186
"ООО ""ИОТ РЕШЕНИЯ""",6950228075
"ООО ""АЙТИ ПАРТНЕР""",6950237312
"ООО ""ДРИМВИАР СТУДИО""",6950238852
"ООО ""ЭРСКВАД ИТ-КОНСАЛТИНГ""",6950239101
"ООО ""РТКОМ""",6950239711
"ООО ""СЕРВИС СОФТ""",6950244454
"ООО ""ИТ ПРОМЫШЛЕННЫЕ ТЕХНОЛОГИИ""",6950248191
"ООО ""ИННОВАЦИОННЫЕ ТЕХНОЛОГИИ""",6950256820
"ООО ""РСТЕХ""",6950259690
"ООО ""АКСТИМ ТЕХ""",6950259732
"ООО ""МЕГАБИТ""",6950259901
"АО ""ОМНИПЛАТФОРМА""",6950263190
"ООО ""ПРОСОФТ""",6950263288
"ООО ""КОММИТ ВОРК""",6950265077
"ООО ""ВЕГАТЕХ""",6950266507
"ООО ""ФИАНИТ""",6950269522
"ООО ""АВРУТЕХ""",6950271560
"АО ""НПП ""ЭРГОЦЕНТР""",6952013300
"ООО ""СОЛТ ЭНД ПЭПЕР""",6952029967
"ООО ""ГРЭЙТ""",6952323091
"ООО ""КСК ИТ""",6952323253
"ООО ""АЙТИ ПРОЕКТЫ И РЕШЕНИЯ""",6952324352
"ООО ""РЭДИС""",6952325701
"ООО ""АЙТИ-АВТОМАТИЗАЦИЯ""",7000000074
"ООО ""САЙОФИС""",7000003004
"ООО ""ИНФА""",7000003188
"ООО ""ОЙЛТИМ ИНФОРМ""",7000015786
"ООО ""ВЕРШИНАСОФТ""",7000015828
"ООО ""РОБОТ И КОМАНДА""",7000017092
"ООО ""РУЗНАК""",7000018924
"ООО ""СТУДИЯ Т""",7000020610
"ООО ""АЙТЕК""",7000020923
"ООО ""СПОТПАРКИНГ""",7002024465
"ООО ""ГАРАНТ""",7014031820
"ООО ""НСТ""",7014063941
"ООО ""НОВИНТЕХ""",7017000467
"ООО ""ОРИГМА""",7017052521
"ООО ""ИНТРАЙС""",7017055040
"ООО  НЦ ""ПОЛЮС""",7017062946
"ООО ""КОНТЕК-СОФТ""",7017065538
"ООО ""АДЕКС""",7017081674
"ООО ""ПАРУС - ТОМСК""",7017105438
"ООО ""СТАРТЕКСТ Т""",7017116542
"ЗАО ""ЭЛЕКАРД ДЕВАЙСЕЗ""",7017118684
"ООО ""НТР ТОМСК""",7017118839
"ООО ""АВСИС""",7017131879
"ООО ""КИР""",7017136926
"ООО ""ГЛАВСОФТ""",7017138313
"ООО ""СОФТИНТЕК""",7017158990
"ООО ""ВДА""",7017186540
"ООО ""АСПЕКТ""",7017193748
"ООО ""СОФТИНФОРМ""",7017198320
"ООО ""ФЛОГ""",7017202311
"ООО ""БРАВЫЙ СТРАУС""",7017206299
"ООО ""МЭЙНКОНЦЕПТ-НЛД""",7017206644
"ООО ""ТЭТА""",7017217967
"ООО ""БИТВОРКС""",7017222318
"ООО ""НПФ МЕХАТРОНИКА-ПРО""",7017223270
"ООО ""МАРТ""",7017235500
"ООО ""ФЛАЙНЕТ""",7017242508
"ООО ""НТП""КИБЕРЦЕНТР""",7017247506
"ООО ""АЙТИ""",7017248475
"ООО ""РУБИУС ГРУПП""",7017252288
"ООО ""УТС""",7017252707
"ООО ""ТОМСКАСУПРОЕКТ""",7017262102
"ООО ""АКСИМЕДИА СОФТ""",7017267855
"ООО ""КС ГРУПП""",7017270216
"ООО ""ИНДОРСОФТ""",7017290572
"ООО ""АРВЬЮ""",7017293453
"ООО ""МЕДИАЛУКС СОФТ""",7017297754
"ООО ""АЙ-ЛИНК""",7017304835
"ООО ""СИБЭДЖ""",7017307138
"ООО ""ЛИГА""",7017310356
"ООО ""ПЕРВАЯ СВОБОДНАЯ ПЛАТФОРМА ЛЕГАЛЬНОЙ МУЗЫКИ""",7017310772
"ООО ""УЦ СИБИРИ""",7017311494
"ООО ""БИЗНЕС СОФТ""",7017315509
"ООО ""ИТ АНАЛИТИКА""",7017315700
"ООО ""АПЛИНК""",7017324221
"ООО ""РЭДМЭДРОБОТ ТСК""",7017330063
"ООО ""САПЛ-БИЗ""",7017330440
"ООО ""КСОФТ""",7017356696
"ООО ""КТ СОФТ""",7017356960
"АО ""АТОМИК СОФТ""",7017373532
"ООО ""Т-СТУДИЯ""",7017375554
"ООО ""ТОМСКСОФТ-Р""",7017382142
"ООО ""РЕЗУЛЬТАТ""",7017384069
"ООО ""ДИ ЭЙ ГРУПП""",7017388659
"ООО ""50ОМ ТЕХ.""",7017398640
"ООО ""ВИСКУР""",7017400137
"ООО ""КРАСНАЯ РАМКА""",7017404572
"ООО ""МАГ ДЕВЕЛОПМЕНТ""",7017405720
"ООО ""НПП ""АВТОМАТИКА""",7017405897
"ООО ""ТЕЛЕБРИЗ""",7017413993
"ООО ""ПАРАВЕБ""",7017421754
"ООО ""УМНЫЙ ГОРОД""",7017422412
"ООО ""БЭТРОНИК""",7017422684
"ООО ""КОМПАНИЯ СИСТЕМА""",7017423303
"ООО ""МЕРКАДО""",7017426079
"ООО ""СНК""",7017426216
"ООО ""МЕТАЛАМПА""",7017427788
"ООО ""ДЕВОПС""",7017433421
"ООО ""МАСК-ПЭЙ""",7017446727
"ООО ""ИС-БУРЕНИЕ""",7017455545
"ООО ""АЛЬДЕРАСОФТ""",7017457775
"ООО ""ИНСПАИР-ТЕХНОЛОГИИ""",7017461845
"ООО ""МАСК СЭЙФ""",7017463225
"ООО ""СИБКОД""",7017467981
"ООО ""ДИДЖИТАЛ НОМАДС""",7017469940
"ООО  ""ДЕКСТРИМ""",7017479867
"ООО ""ФРОСТИБИТС""",7017480291
"ООО ""СМАРТИНФОРМ""",7017481810
"ООО ""ГАЛИЛЕО ЛАБС""",7017482806
"ООО ""СИНЕКТА""",7017484070
"ООО ""ИННОВАЦИОННЫЙ ЦЕНТР РАЗРАБОТКИ""",7017485814
"ООО ""АКАДЕМИЯ ДАТА-ДАЙВИНГ""",7017489135
"ООО ""КИБЕРДЖЕТ""",7017489713
"ООО ""НСТ""",7017490814
"ООО ""ДИДЖИТАЛ КОМПАНИ""",7017492152
"ООО ""СИБАГРО - ИТ""",7017492258
"ООО ""ИТ-АЛЬТЕРНАТИВА""",7017493011
"ООО ""СИБТЕХНОЛОГИИ""",7017493910
"ООО ""ВИАР РАЗРАБОТКА""",7017494174
"ООО ""РУБИУС ТЕХ""",7024023627
"ООО ""ТЕХЛЕГАЛ""",7100008542
"ООО ""АП""",7100011200
"ООО ""ПОДАРКУС""",7100016656
"ООО ""АНТАРА-Т""",7100019777
"ООО ""ИС ""АКАДЕМРЕСУРС""",7100019897
"ООО ""АСК""",7100020035
"ООО ""НОВОСТНЫЕ СИСТЕМЫ""",7100020860
"ООО ""ФАБРИКА ТЕХНОЛОГИЙ""",7100025971
"ООО ""ДОКТОР СОФТЕР""",7100027714
"ООО ""ГИЛЬДИЯ-СОФТ""",7100028475
"ООО ""ГЕФЕСТ ТЕХНОЛОДЖИЗ""",7100029285
"ООО ""КОНТУР 165""",7100030996
"ООО ""СВОИ ТЕХНОЛОГИИ""",7100033676
"ООО ""КОММИТ""",7100039290
"ООО ""СЕОВЕН МЕДИА""",7100043635
"ООО ""БУХГАЛТЕРИЯ И ФИНАНСЫ""",7100046153
"ООО ""ТМС ЭЛЕКТРОНИКС""",7100047527
"ООО ""ИТ-СПУТНИК""",7100048016
"ООО ""ПОГНАЛИ""",7100049002
"ООО ""ЭВЕРЕСТ""",7100049186
"ООО ""РАЙТЕК СТП""",7100051964
"ООО ""Ю-ВЕБ""",7100056708
"ООО ""МАЛИБУ МЕДИА""",7100060912
"ООО ""МПФИНАССИСТ""",7100061867
"ООО ""БИЗНЕС-ТЕХНОЛОГИИ""",7103039482
"ООО ""ЭЛЬФСАЙТ""",7103048060
"ООО ""КИБЕРТРОНИКС""",7103048649
"ООО ""ВЕБ ТЕКАРТ""",7104043241
"ООО ВЦ ""БАЛАНС""",7104046997
"ООО ""ДИОЛ""",7104053754
"ООО ""ИННОВАЦИОННЫЕ РЕШЕНИЯ""",7104077628
"ООО ""ТРЕТИЙ ПУТЬ""",7104078389
"ООО ""ЭДСГЕТ""",7104078396
"ООО ""КБ АСП""",7104506080
"ООО ""АЙ-ВИ""",7104509557
"ООО ""ГИЛЬДИЯ""",7104513602
"ООО ""ЭП""",7104518488
"ООО ""МАКСИС АЙ ТИ""",7104521829
"ООО ""АЙТИ ТЕСТ""",7105046527
"ООО ""КЛИКХЕЛП""",7105048718
"ООО ""ПВС""",7105502635
"ООО ""КОДМАСТЕРС ТУЛА""",7105512986
"ООО ""ЛУЧИ ЗДОРОВЬЕ""",7106021081
"ООО ""СТУДИЯ ""ЧЕТВЕРТЫЙ КИТ""",7106026097
"ООО ""РЦПИ ""ЭДВАЙЗЕР""",7106034926
"ООО ""СОФТ ГОЛД""",7106038670
"ООО ""ТУЛАСОФТ""",7106057497
"ООО ""ЛРП""",7106062899
"ООО ""БИЭНДЖИ""",7106083867
"ООО ""ИНФОТЕК""",7106513340
"ООО ""ИДЦ""",7106516976
"ООО ""СПАРК ИНТЕГРАЦИЯ""",7106531526
"ООО ""СОФТЭКСПЕРТ""",7107045310
"ООО ""ТЦА""",7107063704
"ООО ""СОЦИНФОРМТЕХ""",7107081485
"ООО  ""СМАРТЕК""",7107090306
"ООО ""НОВЕЛИТ""",7107096844
"ООО ""АДВЕРТ-ПРО""",7107106789
"ООО ""ТЕХНОЛОГИИ АВТОМАТИЗАЦИИ БИЗНЕСА""",7107121177
"ООО ""САТИСФАЙ ТРЭВЕЛ""",7107131721
"ООО  ""РАЙТЕК ДТГ""",7107132500
"ООО ""ЮНИТ-Т""",7107133140
"ООО ""СКИШИФТ""",7107133239
"ООО ""ЗТК""",7107136134
"ООО ""ИТЕРРА-ИТ""",7107137508
"ООО ""ВЕБ ОПТИМАЙЗ""",7107506650
"ООО ""ЕВАППС""",7107515372
"ООО ""ЛАБОРАТОРИЯ ОБЪЕДИНЕННЫХ ТЕХНОЛОГИЙ""",7107516930
"ООО ""СОЛИД СИСТЕМС ТУЛА""",7107519585
"ООО ""ГРИФ Т""",7107520929
"ООО ""ОНПИК""",7107524095
"ООО ""ИНТЕНСА""",7107540675
"ООО ""АЙКОНИКС""",7107541083
"ООО ""АИ МАРКЕТИНГ""",7107545352
"ООО ""КОМПАНИЯ ЮТЛ""",7107551349
"ООО ""СЕЛЛАН ИНЖИНИРИНГ""",7116159642
"ООО ""СТУДИЯ АРТУРА МАТВЕЕВА""",7116512177
"ООО ""БЕЛЫЙ КОД""",7117028593
"ООО ""ЮНИВЕБ""",7118502978
"ООО ""ДЖОБКАРТ""",7130504178
"ООО ""НЕМИНД""",7132003770
"ООО ""ДЦ""",7202002927
"ООО ""КИБ-КОМПЛЕКС""",7202163723
"ООО ""ДИО-КОНСАЛТ""",7202189496
"ООО ""РОСО ГРУП""",7202195820
"ООО ""ИНФА""",7202199279
"ООО ""КАСКАД-ПРО""",7202205934
"ООО ""АЙ КЬЮ ДЕВ""",7202231980
"ООО ""+ АЛЬЯНС. ИТ""",7202240456
"ООО ""АЙТИПРО""",7202245863
"ООО ""ЛИСТ""",7202249466
"ООО ""САН-ВЕБ""",7202251955
"ООО ФИРМА ""ИТЭС""",7202252645
"ООО ""ИТЭС-СЕРВИС""",7203130640
"ООО ""ИНФОКОМ""",7203145974
"ООО ""СОЮЗГЕОСЕРВИС""",7203149680
"ООО ""КРЕАТИВ""",7203153125
"ООО ""ДУБЛЬГИС-ТЮМЕНЬ""",7203179370
"ООО ""ФОКСКОМ""",7203198214
"ООО ""+АЛЬЯНС""",7203213078
"ООО ""УРАЛМИКРО""",7203234670
"ООО ""МЕДИА ИНСТАНС""",7203270710
"ООО ""ГИТОЙЛ ИТ""",7203278950
"ООО ""ИНКЛИК""",7203283318
"ООО ""БИЗНЕС-ПРЕМИУМ""",7203284657
"ООО ""АЙТИ-СЕРВИС""",7203286037
"ООО ""АРБУС-ТЮМЕНЬ""",7203302850
"ООО ""ЛЕГАСИ""",7203304455
"ООО ""ИТС""",7203309686
"ООО ""АЛГОРИТМ""",7203310561
"ООО ""ОКАС""",7203314414
"ООО ""ВНЕДРЕНЧЕСКИЙ ЦЕНТР ""ТРИУМФ""",7203316563
"ООО ""БИТ""",7203327011
"ООО ""СИДИЭС""",7203340260
"ООО ""ЖИЛИЩНЫЙ СТАНДАРТ""",7203340502
"ООО ""МАСТЕР-ИНТЕГРАЦИЯ""",7203350130
"ООО ""ТЕЛЕМАТИКА""",7203355555
"ООО ""АЙТИ+ КОНСАЛТИНГ""",7203383471
"АО ""СЭЛЛС""",7203390380
"ООО ""1С-МР""",7203395572
"ООО ""АЙТИ АРХИТЕКТОР""",7203398654
"ООО ""ИТ-СЕРВИС""",7203402981
"ООО ""Е-СОФТ""",7203405541
"ООО ""РУСОФТ""",7203406714
"ООО ""МИНТ РОКЕТ""",7203412482
"ООО ""ДЖЕМС ДЕВЕЛОПМЕНТ""",7203423815
"ООО ""ДИСПЭКС""",7203425202
"ООО ""ФОДЕВ""",7203444068
"ООО ""ИНТЕГРО""",7203444090
"ООО ""БИЗНЕС-УЧЕТ ИТ""",7203445061
"ООО ""АЭРОКОД""",7203446266
"ООО ""ПРОТЕЙ АЙ-ТИ - ИНЖИНИРИНГ""",7203447485
"ООО ""ДИАЛТЕХ-УРАЛ""",7203452823
"ООО ""СИМАКС""",7203458399
"ООО ""ТСК""",7203468206
"ООО ""АСУ-ИНТЕГРА""",7203471897
"ООО ""ПЭЙКОН-ТЕХНОЛОДЖИ""",7203482602
"ООО ""РЕБРЕНДИ КОНСАЛТИНГ""",7203488234
"ООО ""КЗИ""",7203489580
"ООО ""ВЕСМ""",7203490970
"АНО ДПО ""МИПП""",7203494911
"ООО ""ИННОВА""",7203495915
"ООО ""СТУДИЯ 42""",7203514170
"ООО ""АПОК""",7203521298
"ООО ""АРИОТЕХ""",7203521410
"ООО ""МЦ""",7203537731
"ООО ""АНИКС""",7203538485
"ООО ""РЕКУРСИЯ""",7203541520
"ООО ""ИТУС""",7203541865
"ООО ""СВОД""",7203542026
"ООО ""ДИДЖИТАЛ ВАНДЕР""",7203542555
"ООО ""ДЕВТРИКС""",7203543220
"ООО ""ПЛЕКСУС""",7203543679
"ООО ""БЮРО СУЧКОВА""",7203543742
"ООО ""СППЛ""",7203544577
"ООО ""МСТРОЙ""",7203549470
"ООО ""ИК ""ПРОМСОФТ""",7203552360
"ООО ""ДЕФАЙНЕД""",7203553250
"ООО ""РАЗРАБОТКА КОДА""",7203555240
"ООО  ""КОМПЛЕКСНАЯ ИТ-АРХИТЕКТУРА""",7203555258
"ООО ""МКАИР ИТ""",7203556212
"ООО ""АЛЕКС ИИ""",7203560201
"ООО ""ПРОКСИБИТ""",7203560709
"ООО ""ГМС ИТ""",7203561131
"ООО ""ГИТОЙЛ""",7203564118
"ООО ""ДОСТУПНЫЕ ИНФОРМАЦИОННЫЕ ТЕХНОЛОГИИ""",7203564326
"ООО ""НИКА БИЗНЕС СЕРВИС""",7203566517
"ООО ""МАНТРИ ЦИФРОВЫЕ РЕШЕНИЯ""",7203566524
"ООО ""СЕРВИСФОРС""",7203577124
"ООО ""РЕЛИЗ""",7203577364
"ООО ""ДЕНВАЛ СОФТ""",7203582371
"ООО ""МЕТРЫ. ТЕХНОЛОГИИ""",7203595701
"ООО ""МЕДИНФОЦЕНТР""",7204084851
"ООО ""ИТ- ТЮМЕНЬ""",7204123613
"ООО ""СМАРТ СИ""",7204148449
"ООО ""ЛИКОРИС""",7204182136
"ООО ""ТЕХНОКОМ""",7204196795
"ООО ""ЛАБИТ""",7205031034
"ООО ""СИБУР ДИДЖИТАЛ""",7206057388
"ООО ""СОФТ72""",7224092177
"ООО ""ИИ37""",7224094209
"ООО ""СОФТТАЙМ""",7300000614
"ООО ""ИНТЕЛЛЕКТУАЛЬНЫЕ ПОИСКОВЫЕ РЕШЕНИЯ""",7300000830
"ООО ""КИСЛОРОД ДИДЖИТАЛ""",7300000950
"ООО ""КОМП СТАЙЛ""",7300001590
"ООО ""АЙ КЬЮ ГЛОБАЛ""",7300002386
"ООО ""КВИКИНИМ ДЕВЕЛОПМЕНТ""",7300002869
"ООО ""ПИКСИТИ""",7300003196
"ООО ""ТЭП""",7300005620
"ООО ""ДЕВСПЕЙС""",7300007673
"ООО ""АЙСТАФФ-АЙТИ""",7300023386
"ООО ""ЦКТ ИНТЕРПРАЙЗ""",7300025231
"ООО ""ГОЛДЕВ""",7300027006
"ООО ""НАДЕЖНЫЙ ПАРТНЕР""",7300034564
"ООО ""АЙТИМАТИКС""",7300035141
"ООО ""ЛИДЕРХ""",7300036610
"ООО ""ДБА ТИМ""",7300037068
"АО ""СУТОЧНО""",7300037501
"ООО ""АЙТОПС""",7300044139
"АО ""СИМБИРСОФТ""",7300044805
"ООО ""КРЕАТИВНАЯ РАЗРАБОТКА""",7300046168
"АО ""ИРЛИКС""",7300051552
"ООО ""АИС ГОРОД""",7302026625
"ООО ""КОМПАНИЯ ""КОДЕКС-ЛИДЕР""",7302034016
"ООО ""БАЛАНС-ЭКСПЕРТ""",7306999551
"ООО ""ГК ""ПРОМО""",7309005575
"ООО ""ФВТ""",7321011247
"ООО ""ВНЕДРЕНЧЕСКИЙ ЦЕНТР ""ПАРИТЕТЪ""",7325046699
"ООО ""ВЦ СОФТ ПЛЮС""",7325056150
"ООО ""КРЕАТИВНЫЕ ТЕХНОЛОГИИ""",7325059994
"ООО ""БИТРУТ""",7325064225
"ООО ""ТАУРУНА""",7325073460
"ООО ""ВЦ ""РАЗДОЛЬЕ""",7325078348
"ООО ""АЙТИ-СЕРВИС""",7325079630
"ООО ""СЕО-ПОИСКОВАЯ ОПТИМИЗАЦИЯ""",7325080450
"ООО ""АЙТЕК-ПРОДАКШН""",7325100770
"ООО ""ДИС""",7325101269
"ООО ""КОДЕР.УЛ""",7325105263
"ООО ""ПРОСТЫЕ РЕШЕНИЯ""",7325106161
"ООО ""БУМЕРАНГ-МЕДИА""",7325107574
"ООО ""АЙТИ""",7325113715
"ООО ""БИЗНЕС ТЕХНОЛОГИИ""",7325121949
"ООО ""РИЗОН""",7325124756
"ООО ""АЙДЕМ""",7325130950
"ООО ""МЕДИАСОФТ""",7325131400
"ООО ""ВЕБПАУЭР""",7325134419
"ООО ""СЛАЙД ВИЖЕН""",7325136060
"ООО""АЛИНГИ""",7325139255
"ООО ""ЗЕБРЕЙНС""",7325145393
"ООО ""МЕДИАСОФТ МОБАЙЛ""",7325145763
"ООО ""ИНФОРМАЦИОННЫЕ СИСТЕМЫ""",7325146164
"ООО ""ДЕЛОВАЯ ИНФОРМАЦИЯ""",7325146573
"ООО ""РИТГ""",7325150386
"ООО ""СОЮЗ 317""",7325153073
"ООО ""МЭД БРЕЙНС""",7325156412
"ООО ""ПРОМВИАР""",7325160088
"ООО ""РЭД ЛАБ""",7325164903
"ООО ""НОРД КЛАН""",7325165872
"ООО ""НОВЫЙ ФАЙЛ""",7325167213
"ООО ""ТРУМАШИН""",7325167358
"ООО ""65 ДЕВЕЛОПЕРС""",7325167510
"ООО ""ИРЛИКС""",7325170079
"ООО ""СМАРТ ИОТ""",7325170093
"ООО ""ШЕВИАНТ""",7325172502
"ООО ""СИТИМАТИКС""",7325173055
"ООО ""АСАП ЛАБ""",7325173143
"ООО ""СТУДИЯ ГРАФЕН""",7325174242
"ООО ""ХЕКСЛЕТ РУС""",7325174845
"ООО ""ИТ-ЛАБ""",7325175133
"ООО ""ОРКА""",7325175550
"ООО ""ИНТЕЛСИ""",7326035989
"ООО ""ТАПИР""",7326050070
"ООО ""КВАДРАТ 2""",7326053064
"ООО ""ХТДЕВ""",7327036287
"ООО ""ЛИТОТА ЛАБС""",7327039425
"ООО ""ГК ИТМ""",7327040371
"ООО ""АГРОСЕРВИС-ИТ""",7327049543
"ООО ""О-ПЛАНЕТ""",7327055272
"ООО ""АМАЛЬГАМА""",7327058629
"ООО ""КАЙРОС""",7327058940
"ООО ""ПРОФ-ИТ ЭКСПЕРТ""",7327072430
"ООО ""МЭДЛАБ""",7327076924
"ООО ""АРТ""",7327085238
"ООО ""АКЦЕНТ""",7327088856
"ООО ""СИМДЕВ""",7327088905
"ООО ""БУФЕРНАЯ БУХТА""",7328054190
"ООО ""АНАЛИТИКА""",7328062508
"ООО ""СИТИ ПРОЕКТ""",7328067714
"ООО ""СИЛИТИ""",7328069824
"ООО ""ИКОМ ЛАБС""",7328073683
"ООО ""ТЕХНОЛОГИИ ВМЕСТЕ""",7328083321
"ООО ""ГКМ-СМАРТ""",7328090801
"ООО ""АЛГОРИТМ""",7328093175
"ООО ""ТИТАН УЛЬЯНОВСК""",7328094669
"ООО ""КАРТ-ПАУЭР""",7328095214
"ООО ""ПЕРЕДОВЫЕ СИСТЕМНЫЕ РЕШЕНИЯ""",7328102221
"ООО ""ДОМИНИГЕЙМС""",7328105173
"ООО ""АЛЬФАБИТ""",7328106811
ООО УМНАЯ ЦИФРА,7328109869
"ООО ""КОД-ЭКСПЕРТ""",7328111233
"ООО ""СИМБИРСКИЕ ТЕХНОЛОГИИ""",7328505005
"ООО ""ТРИДИВИ""",7415072630
"ООО ""ПРОФИТ""",7415079057
"ООО ""ЕРП-РЕШЕНИЯ""",7415091270
"ООО ""АДЕСК""",7415098349
"ООО ""ИТ-ПАПИЛОН""",7415099399
"ООО ""ВЕКТОР ПРОИЗВОДИТЕЛЬНОСТИ""",7415103694
"ООО ""ВПН ИТ""",7415106624
"ООО ""ГИРД АЙ ТИ""",7415110148
"ООО ""КОМПАС ПЛЮС""",7444020700
"ООО ""ПАРАДОКС""",7444027511
"ООО ""ИТЦ"" АУСФЕРР""",7445011539
"ООО ""ПРОМАВТОМАТИЗАЦИЯ""",7445021329
"ООО ""СОРОКИН И К""",7445036678
"ООО ""ЗЕРКАЛО СЛ""",7446037843
"ООО ""КС ПЛЮС""",7446053845
"ООО ""ГРАНДГЕР""",7447125490
"ООО ""КЛИНТОЛК""",7447214693
"ООО ""АЙДИ СКАН""",7447257270
"ООО ""ИТЕХ-СЕРВИС""",7447257993
"ООО ""ЛУЧШИЕ ПРАКТИКИ""",7447268586
"ООО ""ДИДЖИТАЛ-ПРОДАКШН""",7447288504
"ООО ""АЙСИ СТУДИО""",7447306136
"ООО ""ДСТ-КИБЕРТЕХ""",7447315733
"ООО ""ДАТА""",7447317201
"ООО ""ПРИКЛАДНЫЕ ТЕХНОЛОГИИ""",7448055870
"ООО НПП ""ПОЛИТЕХ-АВТОМАТИКА""",7448057997
"ООО ""УРАЛИНФОТЕК""",7448064112
"ООО ""ИНТЕРНЕТ ТЕХНОЛОГИИ""",7448104809
"ООО ""ОТЕЛЬ СЕРВИС""",7448126143
"ООО ""СОФТ ЛАЙТ""",7448227092
"ООО ""ГОЛОС.СОФТ""",7448234195
"ООО ""ВОСХОД ТЕХНОЛОГИИ""",7448249441
"ООО ""ИИС""",7448253818
"ООО ""ИНТЕРСВЯЗЬ-ИТ""",7448254321
"ООО  ""КОНСУЛЬТАНТПЛЮСРЕГИОН""",7449067846
"ООО ""СИСТЕМЫ ИНФОРМАЦИОННОЙ БЕЗОПАСНОСТИ""",7449068825
"ООО  ""ИННОВАЦИОННЫЕ СИСТЕМЫ""",7449076223
"ООО ""ПРОАНАЛИТИКС""",7449122952
"ООО ""ВИКАН АЙТИ""",7449134877
"ООО ""МАСТЕРФАБ""",7449148252
"ООО ""ИТ СИСТЕМЫ""",7449156831
"АО ""НТЦ СТЭК""",7451019159
"ООО ""1С-РАРУС ЧЕЛЯБИНСК""",7451188220
"ООО ""НАВИГАЦИОННЫЕ СИСТЕМЫ УРАЛА""",7451253328
"ООО ""ИНФИННИТИ""",7451281928
"ООО ""СОЛЮШНЗ""",7451342176
"ООО ""ФИНИКИ ГЕЙМС""",7451350836
"ООО ""БРЭИН""",7451364973
"ООО ""РЭНКС""",7451439516
"ООО ""НАПОЛЕОН ГРУПП""",7451441307
"ООО ""Е-МЕТАЛЛ""",7451447891
"ООО ""КОМТРАНС СОФТ""",7451454377
"ООО ""АКСИОМА""",7451464199
"ООО ""СИБ ""АЛЬПИКС""",7452071088
"ООО ""ТГС""",7452098192
"ООО ""ПРОГРАММИСТЫ УРАЛА""",7452151054
"ООО ""КВАНТУМКОНСУЛЬТАНТ""",7452164871
"ООО ""БИГОР СТУДИО""",7452166540
"ООО ""ТЕХНОКОМ""",7453005641
"ООО ""ИНФОЦЕНТР 2""",7453051246
"ООО ""ЛАНВЕР""",7453071500
"ООО ""АВТОМАТИЗАЦИЯ БИЗНЕСА""",7453135898
"ООО  ""АСПРО""",7453223946
"ООО ""ПАРАДИГМА""",7453236046
"ООО ""ПРОГРАММНЫЕ СИСТЕМЫ""",7453271393
"ООО ""АТЛАС-ТЕХНО""",7453281320
"ООО ""ЛАБОРАТОРИЯ СИСТЕМНЫХ ТЕХНОЛОГИЙ""",7453303366
"ООО ""АНИМАРЕНДЕР""",7453303408
"ООО ""БЕЛКА ДИДЖИТАЛ""",7453306751
"ООО ""КОНТЕНТ МОНИТОРИНГ""",7453324239
"ООО ""СТЭК-АУДИТ""",7453324574
"ООО ""ЗБРСК""",7453325962
"ООО ""КИТ АКТИВ""",7453326148
"ООО ""ПАУЭР ПРАЙС""",7453332423
"ООО ""САЙТФРАЙ""",7453337439
"ООО ""КС-ИТ""",7453338714
"ООО ""ДЕВОПС ТЕХНОЛОГИИ""",7453343249
"ООО ""ПРОМАТИС ИТ""",7453344972
"ООО ""КБ ""КОМПАС""",7453345951
"ООО ""ОСНОВА ИТ""",7453348938
"ООО ""СМЭШИНГ МЕДИА""",7453349106
"ООО ""СВИП-АЙТИ""",7453350133
"ООО ""ИЗАП""",7453350687
"ООО ""МЕТРАНИКС""",7453364312
"ООО ""ТРИ ЛИЦА""",7453364506
"ООО ""АЙ БИ АР""",7455039533
"ООО ""СТУДИЯ 37""",7455039646
"ООО ""СОФТ ЛАБОРАТОРИЯ""",7456009235
"ООО ""СОФТМЕТ""",7456010329
"ООО ""ЛОГИКА""",7456021592
"ООО ""АЙРОН ХЭДС""",7456030879
"ООО ""АНАЛИТИКУМ ПЛЮС""",7456034810
"ООО ""АРС""",7456050226
"ООО ""КОЛИБРИ ДИДЖИТАЛ""",7456051452
"ООО ""УРАЛМЕДИАС""",7456057408
"ООО ""РУССКИЙ РОБОТ. ИТ""",7457011090
"ООО ""БОНАПАРТ""",7460035968
"ООО ""МЕЧЕЛ-ИНФОТЕХ""",7460042450
"ООО ""НИИСТРОМ""",7460050557
"ООО ""СТРАХОВЫЕ ИНФОРМАЦИОННЫЕ ТЕХНОЛОГИИ""",7460050677
"ООО ""ИС НЕЙРОН""",7536074409
"ООО ""МИКС""",7536142056
"ООО ""СИБ АТМ""",7536177193
"ООО ""ИНТЕГРАЦИЯ""",7536180252
"ООО ""АРЕАЛ""",7602069370
"ООО КОМПАНИЯ ""СТЕК""",7602069740
"ООО ""ПС-КОНСАЛТИНГ""",7602073785
"ООО ""АЙТИКО""",7602081747
"ООО ""СОНОМА""",7602093453
"ООО ""РОЛС-СЕРВИС""",7602107610
"ООО ""АТОМСТРЕВЕЛ""",7602142816
"ООО ""СМР""",7603040415
"ООО ""БИТ""",7603044459
"ООО ""ЦИНПРО""",7603048252
"ООО ""ОРГАНАЙЗЕР ЛИДЕРТАСК""",7603051760
"ООО ""НОРД СОФТ""",7603066163
"ООО ""ЯВА""",7604003857
"ООО ""БАЛАНС""",7604057073
"ООО ""СПЕКТР-АВТОМАТИКА КОНСАЛТИНГ""",7604065476
"ООО ""ФОГСОФТ""",7604077915
"ООО ""ПЕРЦЫ-СТУДИЯ""",7604084655
"ООО ""ТИМПРОФИ""",7604164445
"ООО ""ЭЙМС СОФТВЭР""",7604185420
"ООО ""БАЛАНС ИТС""",7604199060
"ООО ""ТЕКМЭН""",7604213847
"ООО ""БФТ.ЦР""",7604235304
"ООО ""АРГО СТУДИО""",7604238866
"ООО ""ИНТЕРНЕТ-ТЕХНОЛОГИИ""",7604249353
"ООО ""БЕЗОПАСНЫЙ РЕГИОН""",7604250038
"ООО ""Ю ДИДЖИТАЛ""",7604254392
"ООО ""КВЕСТА""",7604254473
"ООО ""СТЕК-ИТ""",7604258887
"ООО ""БИТКОП""",7604261858
"ООО ""ЮНИТ КОНСАЛТИНГ""",7604269783
"ООО ""ТОЧКА ЗРЕНИЯ""",7604288987
"ООО ""РТ-ДИАСОФТ""",7604327072
"ООО ""ИНФОСТЭП""",7604327121
"ООО ""КВИНТА""",7604349823
"ООО ""КОМПАНИЯ АЙТИ-КОНСАЛТИНГ""",7604351406
"ООО ""МАСТ СОФТ""",7604355810
"ООО ""СОФТ ДИВИЖН""",7604365374
"ООО ""Ю-ТРЕЙД""",7604368858
"ООО ""БЕРЕЗКА""",7604376859
"ООО ""ОВЕРПЛАН""",7604377933
"ООО ""ЦРВЕНА ЗВЕЗДА""",7604382475
"ООО ""СОФТПРОДУКТ""",7604383341
"ООО  ""РАФТ ДИДЖИТАЛ СОЛЮШЕНС""",7604384070
"ООО ""АНЛИМ""",7604384546
"ООО ""СЦБ""",7604384666
"ООО ""КСИНОКОМ""",7604387674
"ООО ""САММЕРВЕБ""",7604389255
"ООО ""АНГСТРЕМ АЙТИ""",7604391663
"ООО ""СИНТЕЛЛА""",7604395192
"ООО ""ЭТИКСОН""",7604402210
"ООО ""КОМПАНИЯ ""ТЕНЗОР""",7605016030
"ООО ""А-РЕАЛ КОНСАЛТИНГ""",7606047112
"ООО ""ТФИ-НЕТ РУМ""",7606054705
"ООО ""ПРОМТЕХ""",7606055642
"ООО ""ЛАБМЕДИА""",7606073360
ООО  АЛАН-ИТ,7606074282
"ООО ""ТЕНДЕРЛЭНД""",7606075303
"ООО ""БИЛДСОФТ СЕРВИС""",7606079996
"ООО ""ЭЛКОР""",7606094546
"ООО ""ЦИТРУС""",7606112481
"ООО ""АРЕНА ПЛЮС""",7606117641
"ООО ""СЕРВГУРУ""",7606120034
"ООО ""СИНСЕРИТИ""",7606129742
"ООО ""ИНТЕЛЛЕКТУАЛЬНЫЙ ПОЕДИНОК""",7606131413
"ООО ""ИЦ ""АГАТ""",7606132199
"ООО ""СТРОНГТИМ""",7606132449
"ООО ""АТЛАС""",7606132914
"ООО ""ПРОЕКТЫ""",7606133386
"ООО ""АРК КОНСАЛТИНГ СИСТЕМС""",7606135094
"ООО ""ТРАЙБ""",7606135383
"ООО ""АИРБИТ ИТ""",7606135979
"ООО ""МАСТ""",7607013282
"ООО ""ГАЛАКТИКА ИНФОРМАЦИОННЫХ ТЕХНОЛОГИЙ""",7607025489
"ООО ""БИЗНЕС-ЭКСПЕРТ""",7608012718
"ООО ""БИЗНЕС-ИННОВАЦИИ""",7608020349
"ООО ""РИТЕХ""",7608027270
"ООО ""АРИС""",7609020704
"ООО ""МКС""",7609022780
"ООО ""СИСТЕМЫ АВТОМАТИЗАЦИИ""",7610074246
"ООО ""РДГС""",7610080842
"ООО ""ЯРСОФТЕХ""",7610083650
"ООО ""ЦТ""",7610084389
"ООО ""НПП САТЭК ПЛЮС""",7610084692
"ООО ""ССК-СОФТ""",7610096793
"ООО ""ПРОСИСТОМ""",7610104035
"ООО ""ЛАСТОЧКА""",7610104853
"ООО ""ИГРОН - СЕРВИС""",7610137577
"ООО ""ИНФОРМАЦИОННЫЕ ТЕХНОЛОГИИ""",7622015742
"АО ""МОБИ.ДЕНЬГИ""",7701826119
"АО ""НЕОФЛЕКС КОНСАЛТИНГ""",7701839238
"АО ""ДИ ЭС ЭЙ""",7701947025
"АО ""ПРИЗ""",7702045809
"АО ""РУНА""",7702194399
"АО ""СИНЕРГИЯ""",7702391615
"АО ГК ""НЕОЛАНТ""",7702454880
"АО ""КЛИО-СОФТ""",7703415322
"АО ""РПК""",7703592900
"АО ""АПСТРИМ СОЛЮШЕНС""",7704313002
"АО ""РБ ТЕКНОЛОДЖИС""",7704774596
"АО ""КОЛУМБУС""",7705142568
"АО ""НПО ""НЭПТ""",7705648040
"АО ""ИТЕРАЦИЯ""",7705860833
"АО ""КОНСУЛЬТАНТ ПЛЮС - НОВЫЕ ТЕХНОЛОГИИ""",7706148354
"АО ""КОРПОРАЦИЯ ГАЛАКТИКА""",7707140573
"АО ""СПЕКТР""",7707527700
"АО ""ПРАВОТЕХ""",7708095468
"АО ""АКАДЕМИЯ ДОКУМЕНТООБОРОТА""",7708364343
"АО ""РК""",7708399508
"АО ""ГЕНИУС ДЕСК""",7708405261
"АО ""НЕТИС""",7708451250
"АО ""АИР""",7708807115
"АО ""АВТОИНЖИНИРИНГ""",7709406740
"АО ""АМОЦРМ""",7709477879
"АО ""ИНФОТЕКС""",7710013769
"АО ""НАУЧНО-ПРОИЗВОДСТВЕННАЯ КОМПАНИЯ ""КРОНОС - ИНФОРМ""",7710296027
АНО НАРК,7710475530
"АО ""МБКИ""",7710606134
"АО ""СОЛА""",7710633392
"АО ""СТИ""",7710888979
"АО ""ДЭШБОРД СИСТЕМС""",7710901309
"АО ""ЛАБОРАТОРИЯ КАСПЕРСКОГО""",7713140469
"АО ""СБК""",7713424132
"АО ""ИНФОВОТЧ""",7713515534
"OOO ""ЦЕНТРОБИТ""",7713733518
"АО ""СИГНАЛ-КОМ""",7714028893
"АО  ""HПО ОПЫТ""",7714102360
"АО ""СКС""",7714109831
"АО ""АУДИТ-ЭСКОРТ""",7714114704
"АО ""СИСТЕМЫ УПРАВЛЕНИЯ""",7714524933
"АО ""ВИТАСОФТ""",7714614506
"АО ""МТЦ""",7714694100
"АО ""ПМ""",7714706154
"АО ""ГАЛАКТИКА ПРО""",7714763000
"АО ""БЕЛЛ ИНТЕГРАТОР""",7714923230
"АО ""АБМ""",7716658178
"АО ""МОБИЛЬНЫЕ ВИДЕОРЕШЕНИЯ""",7717670869
"АО ""ПОЗИТИВ ТЕКНОЛОДЖИЗ""",7718668887
"АО ""НПО ""ЭШЕЛОН""",7718676447
"АО ""НБИ""",7719033375
"АО ""АЛАДДИН Р.Д.""",7719165935
"АО ""БИФИТ""",7719617469
"АО ""ИНФОСОФТ""",7720657032
"АО ""АЙТИ АКТИВ""",7720898285
"АО ""НПЦ ""МАКС""",7722010258
"АО ""СПАРГО ТЕХНОЛОГИИ""",7722144124
"АО ""НОВАЯ АФИНА""",7722159459
"АО ""СЕКЬЮРИТ""",7722253395
"АО ""ПРОГРАМБАНК""",7722283167
"АО ""СИСОФТ ДЕВЕЛОПМЕНТ""",7722570620
"АО ""СОФТЛАЙН СОЛЮШН""",7724277190
"АО ""ИНГРУС""",7724286565
"АО ""ИНТЕГРО ТЕКНОЛОДЖИЗ""",7725168525
"АО ""АМТЕЛ-СЕРВИС""",7725236951
"АКЦИОНЕРНОЕ ОБЩЕСТВО ""ФЕРСТ ГЕНЕТИКС""",7725323844
"АО ""СИСОФТ РАЗРАБОТКА""",7725354105
"АО ""ИКСДИ СОФТ""",7725757249
"АО ""СИСТЕМЫ УПРАВЛЕНИЯ СЕВЕРО-ЗАПАД""",7726568237
"АО ""ГРУППА Т-1""",7727048336
"АО ""МУЛЬТИЛЛЕКТ""",7727447725
"АО ""ВИНВЕСТОР""",7728450760
"АО ""БИЗНЕС ИНТЕГРАЦИЯ""",7728459346
"АО ""ОТ-ОЙЛ""",7728679990
"АО ""АЛТЭКС-СОФТ""",7729587936
"АО ""АЙКУМЕН ИБС""",7729602052
"АО ""ИНТЕЛЛ""",7729602246
"АО ""СИНТЕЛС""",7729707986
"АО ""НЕТРИС""",7730545793
"АО ""КРИБРУМ""",7731661104
"АО ""БЭЛЛ ИНТЕГРАТОР""",7733180847
"АО ""ГНИВЦ""",7733284010
"АО ""СИНАПС ТЕХНОЛОДЖИ""",7733371584
"АО ""СИНИМЕКС-ИНФОРМАТИКА""",7734148839
"АО ""НИЦ""",7734437950
"АО ""ИБ""",7734448222
"АО ""СБК""",7734456939
"АО ""РТ СК""",7734479485
"АО ""АВРОРА""",7734481029
"АО ""НТЦ ИТ РОСА""",7735201059
"АО ""БОСС. КАДРОВЫЕ СИСТЕМЫ""",7735500387
"АО ""ИМПЕДАНС""",7735574830
"АО ""СТЕК СОФТ""",7736214942
"АО ""СБЕРТЕХ""",7736632467
"АО ""ДЕЛОВАЯ СРЕДА""",7736641983
"АО ""ИИТ""",7743020560
"АО ""ИВА360""",7743314440
"АО ""КОМПАС""",7743335507
"АО ""ИННОВАЦИОННЫЕ ТЕХНОЛОГИИ""",7743479594
"АО ""КОРП СОФТ""",7743813810
"АО ""ХОРИС""",7801009752
"АО ""НЭКСАЙН""",7801019126
"ООО ""АЛГОРИТМ УСПЕХА""",7801274510
"АО ""СПИИРАН - НТБВТ""",7801376008
"ООО ""АЛЕЕ СОФТВЕР""",7801400620
"ООО ""АВИМЭП""",7801428619
"ООО ""АСКОН-СИСТЕМЫ ПРОЕКТИРОВАНИЯ""",7801619483
"ООО ""АСТРОСОФТ-БИЗНЕС-СИСТЕМЫ""",7801660210
"ООО ""АИ ТЕСТ""",7801692042
"АО ""РИВС-ЦИФРА""",7801719079
"ООО ""АРЕОПАД""",7801738522
"ООО ""АЙТИ-АЛЬЯНС""",7802273044
"ООО ""АИТ""",7802579610
"АО ""МОРФБИТС""",7802671888
"ООО ""АВИАСЕЙЛС""",7802675794
"ООО ""АКРИБИЯ. ИССЛЕДОВАНИЯ И РАЗРАБОТКИ""",7802879558
"ООО ""АВАТЕК""",7802942898
"ЗАО ""ДИДЖИТАЛ ДИЗАЙН""",7803009412
"АО ""РЦЗИ ""ФОРТ""",7804301346
"ООО ""АЙТИ С """,7804361377
"АО ""РЕЙТИНГОВОЕ АГЕНТСТВО АЙ ДИ""",7804394118
"ООО ""АЙТИ КУБ""",7804429850
"АО ""НИИ ПС""",7804454896
"ООО ""АКМ""",7804687026
"ООО""АНТ-ТИМ""",7804698109
"АО ""КЛАУДРАН""",7804715379
"ООО ""АСП-КОНСАЛТ""",7805687607
"ООО ""АЙТИ КРОСС""",7805800482
"ООО ""АЙТИКЕТ""",7805822077
"ООО ""АВИА-БРИФИНГ""",7806227063
"ООО ""4ЛОГИСТИК""",7806591930
"ООО ""АЙТИ ДЛЯ РИТЕЙЛА""",7806604674
"ООО ""А-ИНВЕСТ""",7807399643
"АО ""АРКАДИЯ""",7808004270
"ООО ""АЭРОНАВИГАТОР""",7810145769
"ООО ""АЭРОМЭП""",7810451220
"ООО ""АДВЛАЙН""",7810543400
"ООО ""АДВ-ТЕХ""",7810691359
"ООО ""АИС""",7810748735
"ООО ""АЛЬФА ИНТЕГРАЛ""",7810786360
"ООО ""АДР""",7810922630
"ООО ""А25.РУ""",7810934386
"ООО ""360 АПП""",7810938415
"ООО ""АДЖИНИР""",7810983680
"АО ""ИНТЕРНЕТ-ПРОЕКТЫ""",7811090248
"ООО ""АТЛАНТ ПРО""",7811495371
"ООО ""АРКАДА""",7811690319
"ООО ""АЛЕТ""",7811696335
"АО ""НПФ ""ОКТАНТ""",7813039159
"ООО ""АЙТИ ПЛАН""",7813227307
"ООО ""АЛЬТЕК""",7813299125
"ООО ""АДРИВЕР""",7813378916
"ООО ""3Д ИННОВАЦИИ""",7813498963
"ООО ""АССИНО КОНСАЛТИНГ РУС""",7813550691
"ООО ""АЙФЬЮЧЕР""",7813624150
"АО ""МОЙ СПОРТ""",7813652372
"ООО ""АЕЗА ГРУПП""",7813654490
"ООО ""АРКОН""",7813657349
"АО ""ЦЕНТР ПРОЕКТОВ""",7813671960
"АО ""НПП ТЕЛДА""",7814125731
"ООО ""АНАЛИТ ИНЖИНИРИНГ""",7814311128
"ООО ""АВТОШКОЛА СВЕТОФОР""",7814481962
"ООО ""АДМА""",7814542870
"АО ""СИСТЕМА""",7814723121
"ООО ""АВРОРА""",7814803144
"ООО ""АЙТИМ""",7814810303
"ООО ""АЙТИ ВОРЛД""",7814815365
"ООО ""АДАУРУМ ГРУПП""",7814821190
"ООО ""АЙХЕЛПАЙТИ""",7814823983
"ООО ""АЙТИПРОМ""",7814849910
"ООО ""АЙТИ АВИА""",7816226206
"ООО ""АВИЛУМ""",7816509934
"ООО ""АЙ ТИ ФАБРИКА""",7816528729
"ООО ""АССИНО ИМПЛЕМЕНТЕЙШЕНС РУС""",7816692341
"ООО ""АДМИН-СПБ""",7816733598
"АО ""ИК ""НЕОТЕК МАРИН""",7817045749
"ООО ""АБСОЛЮТСОФТ""",7819311234
"ООО ""АРГУН-СОФТ""",7820317505
"ЗАО""ВЭБ ХОСТИНГ""",7826728815
"ООО ""АЛТУ СИСТЕМС""",7838092676
"ООО ""АРОМАТЕХ""",7838108862
"ООО ""АЙВИТИ""",7838117056
"ООО ""АТ ДЕВЕЛОПМЕНТ""",7838119920
"АО ""АКСИОМ""",7838124039
"ООО ""АЛЬФА-ИНТЕГРАТОР-ИНФОЭНЕРГО""",7839005394
"ООО ""АСП""",7839112974
"ООО ""АЙТИ РЕШЕНИЯ""",7839118239
"ООО ""АРТ ДЕКО""",7839124137
"ООО ""АЙТИ КОМПАС""",7839133533
"ООО ""АЙБИКОН-ПРОЕКТ""",7839322690
"ООО ""АВАНГАРД +""",7839375290
"ООО ""АЙТИЛЕНД-СОФТ""",7839382226
"ЗАО ""Т-ПРОДЖЕКТ""",7840309774
"ООО ""АБС""",7840323553
"ООО ""АЙ БИ СИСТЕМС САППОРТ""",7840483638
"ООО ""АЛЬФА ПОЛИТЕХ""",7841096720
"АО ""ОС ГРУП""",7841378185
"ООО ""А.И.С. ТЕЛЕКОМ""",7842108417
"ООО ""АЙПРО-ТЕХНОЛОГИИ""",7842204110
"ООО ""АПОСТОЛ""",7842210548
"ООО ""ТАРАСОФТ""",8300003984
"ООО ""ХОРОШИЕ ЛЮДИ""",8601044590
"ООО ""НАУЧНО-ТЕХНИЧЕСКИЙ ЦЕНТР ""СИСТЕМЫ УПРАВЛЕНИЯ""",8601050770
"ООО ""ТРИД МЕДИА""",8601051678
"ООО ""РЦР""",8601070374
"АНО ""ЦЕНТР СТРАТЕГИЧЕСКИХ РАЗРАБОТОК ЮГРЫ""",8601074178
"МКУ ""УИТС Г. СУРГУТА""",8602002546
"ООО ""ЦЕНТР УПРАВЛЕНИЯ БИЗНЕСОМ""",8602008844
"ООО ""МЕДИНФОЦЕНТР""",8602013964
"ООО ""ОКРУЖНОЙ МЕДИНФОЦЕНТР""",8602014936
"ООО ""НОВЫЕ ОПТОВЫЕ СИСТЕМЫ""",8602050638
"ИНФОРМБЮРО, ООО",8602104555
"ООО ""АЙТИ КАПИТАЛ""",8602185265
"ООО ""ИНФОТЕХ""",8602235879
"ООО ""АРПИКОН""",8602304716
"ООО ""КОНТЕКСТ ПРОГРАММНЫЕ РЕШЕНИЯ""",8602307844
"ООО ""К28""",8602308439
"ООО ""ДОТСОЛЮШН""",8602309464
"ООО ""КОНСУЛЬТАНТ ПЛЮС ЮГРА""",8603041717
"ООО ""СЦСО ""НАДЕЖДА""",8603106555
"ООО ""ИНТЕЛ-СЕРВИС""",8603124378
"ООО ""КОМТЕК""",8603145603
"ООО ""ВЕРОН""",8603170430
"ООО ""НВ-АСУПРОЕКТ""",8603186007
"ООО ""АЙТИ-СЕРВИС""",8603187353
"ООО ""АСУНЕФТЬ-ИНФОРМ""",8603206302
"ООО ""АЙТИЖЕН""",8603244234
"ООО ""ДЖИДИЭС""",8603250196
"ООО ""ЮГРА-СЕРВИС""",8604046490
"ООО ""РОССИ""",8604058248
"ООО "" ДЕВЕСК """,8608052857
"ООО ""СИСТЕМЫ УЧЕТА""",8609322376
"ООО ""ГАРАНТ-ЮГОРСК""",8622006972
"ООО ""СИРИН""",8622026633
"ООО ""ТЕРРИТОРИЯ ПРАВА""",8901014388
"ООО ""РАДМИР ГРУПП ЗО""",9001032410
"ООО ""НПО КОНСУЛЬТАНТ""",9102000180
"ООО ""БИЗНЕСТУГОУ""",9102000863
"ООО ""ГАЛИОН-ИТ""",9102001384
"ООО ""АЙТИ КЛАБ""",9102006110
"ООО ""АЙДИЭС ВОРЛД""",9102010371
"ООО ""ФАРМЭКСПЕРТ""",9102011287
"ООО ""ЛАБОРАТОРИЯ ФОРТ КРЫМ""",9102017306
"ООО ""ВЕСЕННИЕ ТЕХНОЛОГИИ""",9102049097
"ООО ""МОБИЛЬНЫЕ СЕРВИСЫ""",9102173665
"ООО ИЦ ""ТАВРИДА""",9102199222
"ООО ""ПОРТАЛ-СЕРВИС КРЫМ""",9102203239
"ООО ""ФОРТ КРЫМ""",9102238954
"ООО ""ШЕР ГРУПП""",9102259672
"ООО ""ЛОТОС""",9102267360
"ООО ""ЦТОД""",9102273691
"ООО ""ВИБУРН""",9102283273
"АО ""ГЕОИНФОРМАЦИОННЫЕ СИСТЕМЫ""",9102283756
"ООО ""КУЛЬТУРА КОДА""",9102285320
"ООО ""КАИС""",9102301437
"ООО ""ШУСТРО""",9102302448
"ООО ""ИАС""",9102305061
"ООО ""ЭНДЖОЙДЕВЕЛОПМЕНТ""",9108126446
"ООО ""АГРОСЕРВИС""",9109017577
"ООО ""МИЛЛЕНИУМ""",9200002354
"ООО ""РИКИ""",9200003245
"ООО ""АЙТИПЕЛАГ""",9200009374
"ООО ""ГЛОБАЛ ИНТЕРНЕТ РЕШЕНИЯ""",9200010267
"ООО ""АЛЬТЕРНАТИВНЫЕ-ТЕХНОЛОГИИ""",9200013420
"ООО ""ПЛАНЕТА УЧЁТА""",9200016251
"ООО ""ЭЙЛАРК""",9200019904
"ООО ""ГРАДИЕНТЪ""",9200020201
"ООО ""СЕВЛАБС""",9200024213
"ООО ""СОФТПРОЕКТ""",9200025055
ООО ИНФОТЕХ ТАВРИДА,9200025070
"ООО ""МИРАФОКС""",9201002036
"ООО ""СОФТЛАЙТ""",9201508513
"ООО ""АДОМ СОФТ""",9201532548
"ООО ""ЭТР""",9203539274
"ООО ""ЛОГИКА РАСЧЁТОВ""",9203545060
"ООО ""АЛВИОН ЕВРОПА""",9204001129
"ООО ""ДДОС-ГВАРД""",9204005780
"ООО ""ЦЕНТР АВТОМАТИЗАЦИИ ""КУТУЗОВ""",9204012924
"ООО ""1С-РАРУС ЦЕНТР РАЗРАБОТКИ""",9204014449
"ООО ""БЦ  ""КОНСАЛТ""",9204016069
"ООО ""СОЛАРЛАБ""",9204560423
"ООО ""КОНТЕКСТ-ИТ""",9204567186
"ООО ""КРЫМ ДИДЖИТАЛ ГРУП""",9204570196
"ООО ""ВЦ ""БИНАНТ""",9303032128
"ООО ""НАСКА""",9309014615
"ООО ""Л-СОФТ""",9403015895
"ООО ""АВАНКОР КОНСАЛТИНГ""",9701048575
"ООО ""АБР ТЕХ""",9701125798
"АО ""ССПБ""",9701151149
"АО ""ПРОКСИ""",9701158377
"АО ""ИНТЕГРАЛ-АНАЛИТИКС""",9701237188
"АКЦИОНЕРНОЕ ОБЩЕСТВО ""НЕЙРОРЕВОЛЮЦИЯ""",9701255148
"АО ""ОВЕРТЭК ГРУПП""",9701281765
"АО ""НБК""",9701289997
"АО ""КОННЕКТИВИТИ СОЛЮШНЗ""",9702072845
"АО ""ЛАБОРАТОРИЯ ИСПОЛКОМ""",9703047337
"АО ""ИТ КОСМОС""",9703062977
"АО ""ВИСОФТ""",9703115080
"АО ""КОЛУМБУС""",9703159721
"АО ""ЭЙЛЕР АНАЛИТИЧЕСКИЕ ТЕХНОЛОГИИ""",9703170348
"ООО ""АВИБУС""",9703179580
АО ДЖИСИЭМ ТЕХНОЛОЖИС,9703185591
"АО ""АУРУМ АЙТИ""",9703195279
"АО ""БИГТАЙМ АЙТИ""",9703196730
"АО ""АРТЕНЕСИ""",9704140723
"ООО ""3ДЖИ БТ""",9704214527
"АНО ""ЦИФРОВОЙ АУДИТ""",9704252434
"АО ""ГРУППА КОМПАНИЙ ""ВЕСТЛИНК""",9705074872
"АО ""НТЦ ЕЭС ИНФОРМАЦИОННЫЕ КОМПЛЕКСЫ""",9705140500
"ООО ""АВТОИНСДАТ""",9705163000
"АО ""АВИАКОД""",9705202267
"АО ""БАКС""",9707002672
"АО ""ТИЛЬДА ПАБЛИШИНГ""",9707041449
"ООО ""1С СТУДИЯ""",9707045972
"АО ""АНЛИМИТЕД ПРОДАКШЕН""",9707047232
"АО ""РДС""",9709031943
"АНО ""ЦИСМ""",9709037529
"АО ""СТОРК МОБАЙЛ""",9709056105
"ООО""АБИТ ТЕХНОЛОДЖИС""",9709079423
"ООО ""АВСТРОМИРТУС""",9709101301
"АО ""ОСТ""",9709108924
"АО ""БУДУЩЕЕ""",9709109340
"ООО ""АБД""",9710013723
"ООО ""АВИО-АЙТИ""",9710041287
"ООО ""2С""",9710079001
"АО ""ФЭЙТ""",9710079788
"ООО ""42""",9710084876
"ООО ""АВИТО ТЕХ""",9710089440
"АО ""ТЕРАПЛАН""",9710092588
"АО ""ИЦР""",9710095388
"АО ""ЗАЩИЩЕННЫЕ ПРОГРАММНЫЕ СИСТЕМЫ""",9710100704
"ООО ""1С ПРО КОНСАЛТИНГ""",9713015920
"АО ""СОЛАР СЕКЬЮРИТИ""",9714069290
"АО ""ОБЪЕДИНЕННЫЕ ЦИФРОВЫЕ СЕТИ""",9715011173
"ООО ""1КЛИК""",9715234324
"АО ""ГЕКТАСОФТ""",9715401984
"ООО ""1С-БСЛ""",9715435824
"АО ""МЕДИАПРО""",9715460690
"АО ""ЭДС""",9715475552
"АО ""АМАСФЕРА""",9715492300
"АО ""ПЕРВЫЙ ПЛЮС""",9715499190
"ООО ""1С ИНТЕРНЕШНЛ""",9718066452
"АО ""ПЛОРУМ""",9718136597
"АО ""ТРИЗТЕХ""",9718287652
"ООО ""АБЕЛИМ""",9719015475
"ООО ""А2 КОД""",9719022828
"ООО ""АБ СИСТЕМ-ГРУПП""",9721049295
"ООО ""100БАЛЛЬНЫЙ РЕПЕТИТОР""",9721218842
"ООО ""36.6 ТЕХНОЛОГИИ""",9722024712
"АО ""ЭРЕМЕКС""",9723094014
"ООО ""1ЕРП""",9723176203
"АО ""СФ СИСТЕМА""",9723203190
"АО ""ПЛОЩАДЬ""",9723203841
"АО ""ИНДУСТРИАЛЬНЫЕ ТЕХНОЛОГИИ""",9723205310
"АО ""ПРОЕКТНЫЕ РЕШЕНИЯ""",9723212684
"АО ""АЛИАСОФТ""",9723215967
"АО ""Ф6 ИННОВАЦИИ""",9723265319
"АО ""ЦИФРОВАЯ ЭКСПЕРТИЗА""",9724102564
"АО ""ТЕХПРОЕКТЫ""",9724134541
"АО ""ЛТА""",9724232274
"АО ""ЦИФРОВЫЕ ТЕХНОЛОГИИ ЗДОРОВЬЯ""",9725045510
"ООО ""АБСОЛЮТ ТЕХНОЛОГИИ""",9725081941
"ООО ""АБСОЛЮТ ДИДЖИТАЛ""",9725160329
"АО ""МТС РЕКЛАМНЫЕ ТЕХНОЛОГИИ""",9725200116
"АО ""ИННОЦИФРА""",9726009948
"АО ""АТЛАНТИС""",9726028027
"АО ""МЕДИА ЭФФЕКТ""",9726102390
"АО ""ЛИГРЕС""",9726106268
"АО ""ВЕГА СОФТ""",9727090902
ОВЕРТИМ ООО,9729004419
"ООО ""АВИЛЛИКС""",9729279526
"ООО ""АВТОБАН-ДИДЖИТАЛ""",9729292703
"АО ""СТА""",9729333879
"АО ""СМ""",9729400540
"АО ""ЭКЗОСОФТ""",9731012897
"ООО ""10Х ИТ - РЕШЕНИЯ""",9731014380
"АО ""ФЭСКОМ""",9731032759
"АО ""ЛАБОРАТОРИЯ ЦИФРОВОГО РАЗВИТИЯ""",9731063700
"АО ""АГРОТАРГЕТ""",9731077012
"АО ""АГРОБРОКЕР""",9731086673
"АО ""СМАРТРЕЙС""",9731088529
"АО ""КНОПКА""",9731093039
"АО ""ЗАРЯД!""",9731132249
"АО ""САРАФФАН.РАДИО""",9731142039
"АО ""ЦИФРОВЫЕ СЕРВИСЫ""",9731144188
"ООО ""А7-ТЕХНОЛОГИИ""",9731156232
"ООО ""МАГМА""",9810000291
